{"cameraMode":{"drawMode":0,"name":"Shaded","section":"Shading Mode"},"sceneLighting":true,"audioPlay":false,"sceneViewState":{"m_AlwaysRefresh":false,"showFog":true,"showSkybox":true,"showFlares":true,"showImageEffects":true,"showParticleSystems":true,"showVisualEffectGraphs":true,"m_FxEnabled":true},"in2DMode":false,"pivot":{"x":14.200031280517579,"y":9.347538948059082,"z":-5.244645595550537},"rotation":{"x":0.10021796077489853,"y":-0.3315049707889557,"z":0.035441312938928607,"w":0.9374555945396423},"size":1.219534993171692,"orthographic":false}